{
  "train_loss": [
    0.6821769892223297,
    0.666968602036673,
    0.6362299956972637,
    0.5682835536343711,
    0.48155136524684844,
    0.42551711296278333,
    0.4002537074543181,
    0.38665117347051225,
    0.37782996751013254,
    0.3713312688327971,
    0.3651477181249195,
    0.3609531292366603,
    0.3565152540566429,
    0.353684874517577,
    0.35051827250965056,
    0.34787573227806695,
    0.34703041140049223,
    0.3434834969895227,
    0.34145255623355747,
    0.3393587413288298,
    0.3370323930940931,
    0.3357367271941806,
    0.33371869581086294,
    0.3324003936279388,
    0.33032827197559295,
    0.3294752322965198,
    0.32780399090713924,
    0.324999842851881,
    0.32479063007566666,
    0.3231749404517431,
    0.3220274578484278,
    0.3193234720873454,
    0.31783398228978355,
    0.3168515189299508,
    0.31535802970802973,
    0.31428533650579904,
    0.3143210531700225,
    0.3120604112507805,
    0.30991745822959477,
    0.3103835674978438,
    0.30766681262425016,
    0.3080694029728572,
    0.307535977117599,
    0.3065180806886582,
    0.30645869648645796,
    0.3047040532978754,
    0.30464866378950695,
    0.30380058383184766,
    0.303159914082951,
    0.3033291037593569,
    0.30264766561606576,
    0.30236179298824734,
    0.3021391511909545,
    0.3017767540046147,
    0.30192910465929246,
    0.3010398338711451,
    0.3010312731540392,
    0.3005833765344014,
    0.2998566066934949,
    0.30029713374281686,
    0.29973939605175504,
    0.3009587110035003,
    0.2990989869549161,
    0.2994671558576917,
    0.29892879795460475,
    0.3004979332761159,
    0.2987045290924254,
    0.29973341666516806,
    0.29892020849954515,
    0.29927019656650605,
    0.29823968642287785,
    0.29870217636464136,
    0.2978950845343726
  ],
  "train_accuracy": [
    0.56245325355273,
    0.56245325355273,
    0.7055597107953129,
    0.8160059835452506,
    0.8160059835452506,
    0.8160059835452506,
    0.8160059835452506,
    0.8160059835452506,
    0.8160059835452506,
    0.8160059835452506,
    0.8160059835452506,
    0.8160059835452506,
    0.8160059835452506,
    0.8160059835452506,
    0.8254799301919721,
    0.8224881575666916,
    0.8481675392670157,
    0.8469209673398155,
    0.8666168037895786,
    0.8790825230615806,
    0.8708551483420593,
    0.8803290949887809,
    0.8803290949887809,
    0.8803290949887809,
    0.8803290949887809,
    0.8803290949887809,
    0.8803290949887809,
    0.8803290949887809,
    0.8838194963849414,
    0.8965345300423835,
    0.8975317875841436,
    0.900523560209424,
    0.900523560209424,
    0.900523560209424,
    0.9020194465220643,
    0.9032660184492646,
    0.9087509349289454,
    0.9087509349289454,
    0.9087509349289454,
    0.9087509349289454,
    0.9087509349289454,
    0.9087509349289454,
    0.9087509349289454,
    0.9087509349289454,
    0.9087509349289454,
    0.9087509349289454,
    0.9087509349289454,
    0.9087509349289454,
    0.9087509349289454,
    0.9087509349289454,
    0.9087509349289454,
    0.9087509349289454,
    0.9087509349289454,
    0.9087509349289454,
    0.9087509349289454,
    0.9087509349289454,
    0.9087509349289454,
    0.9087509349289454,
    0.9087509349289454,
    0.9087509349289454,
    0.9087509349289454,
    0.9087509349289454,
    0.9087509349289454,
    0.9087509349289454,
    0.9087509349289454,
    0.9087509349289454,
    0.9087509349289454,
    0.9087509349289454,
    0.9087509349289454,
    0.9087509349289454,
    0.9087509349289454,
    0.9087509349289454,
    0.9087509349289454
  ],
  "train_precision": [
    0.0,
    0.0,
    0.9644012944983819,
    0.9643835616438357,
    0.9643835616438357,
    0.9643835616438357,
    0.9643835616438357,
    0.9643835616438357,
    0.9643835616438357,
    0.9643835616438357,
    0.9643835616438357,
    0.9643835616438357,
    0.9643835616438357,
    0.9643835616438357,
    0.950469684030743,
    0.9313482216708023,
    0.897364771151179,
    0.8836583725622058,
    0.8807740324594258,
    0.8770783847980997,
    0.8806153846153846,
    0.8774422735346359,
    0.8774422735346359,
    0.8774422735346359,
    0.8774422735346359,
    0.8774422735346359,
    0.8774422735346359,
    0.8774422735346359,
    0.8784497944803288,
    0.8819840364880274,
    0.8822525597269625,
    0.8830508474576271,
    0.8830508474576271,
    0.8830508474576271,
    0.8886986301369864,
    0.896231884057971,
    0.9097345132743363,
    0.9097345132743363,
    0.9097345132743363,
    0.9097345132743363,
    0.9097345132743363,
    0.9097345132743363,
    0.9097345132743363,
    0.9097345132743363,
    0.9097345132743363,
    0.9097345132743363,
    0.9097345132743363,
    0.9097345132743363,
    0.9097345132743363,
    0.9097345132743363,
    0.9097345132743363,
    0.9097345132743363,
    0.9097345132743363,
    0.9097345132743363,
    0.9097345132743363,
    0.9097345132743363,
    0.9097345132743363,
    0.9097345132743363,
    0.9097345132743363,
    0.9097345132743363,
    0.9097345132743363,
    0.9097345132743363,
    0.9097345132743363,
    0.9097345132743363,
    0.9097345132743363,
    0.9097345132743363,
    0.9097345132743363,
    0.9097345132743363,
    0.9097345132743363,
    0.9097345132743363,
    0.9097345132743363,
    0.9097345132743363,
    0.9097345132743363
  ],
  "train_recall": [
    0.0,
    0.0,
    0.3396011396011396,
    0.6017094017094017,
    0.6017094017094017,
    0.6017094017094017,
    0.6017094017094017,
    0.6017094017094017,
    0.6017094017094017,
    0.6017094017094017,
    0.6017094017094017,
    0.6017094017094017,
    0.6017094017094017,
    0.6017094017094017,
    0.6341880341880342,
    0.6415954415954416,
    0.7373219373219373,
    0.7487179487179487,
    0.803988603988604,
    0.8415954415954416,
    0.8153846153846154,
    0.8444444444444444,
    0.8444444444444444,
    0.8444444444444444,
    0.8444444444444444,
    0.8444444444444444,
    0.8444444444444444,
    0.8444444444444444,
    0.8524216524216525,
    0.8814814814814815,
    0.8837606837606837,
    0.8905982905982905,
    0.8905982905982905,
    0.8905982905982905,
    0.8871794871794871,
    0.8809116809116809,
    0.8786324786324786,
    0.8786324786324786,
    0.8786324786324786,
    0.8786324786324786,
    0.8786324786324786,
    0.8786324786324786,
    0.8786324786324786,
    0.8786324786324786,
    0.8786324786324786,
    0.8786324786324786,
    0.8786324786324786,
    0.8786324786324786,
    0.8786324786324786,
    0.8786324786324786,
    0.8786324786324786,
    0.8786324786324786,
    0.8786324786324786,
    0.8786324786324786,
    0.8786324786324786,
    0.8786324786324786,
    0.8786324786324786,
    0.8786324786324786,
    0.8786324786324786,
    0.8786324786324786,
    0.8786324786324786,
    0.8786324786324786,
    0.8786324786324786,
    0.8786324786324786,
    0.8786324786324786,
    0.8786324786324786,
    0.8786324786324786,
    0.8786324786324786,
    0.8786324786324786,
    0.8786324786324786,
    0.8786324786324786,
    0.8786324786324786,
    0.8786324786324786
  ],